Índice,Tempo de consulta (s)
1,9.007193751
2,2.913271215
3,8.755031995
4,5.535533766
5,0.352619276
6,0.12267629
7,6.728633869
8,10.365343559
9,8.741181874
10,2.767028402
