Índice,Tempo de consulta (s)
1,6.030785807
2,1.6706922899999999
