Índice,Tempo de consulta (s)
1,4.375452203
2,4.07691757
3,8.556665091
4,3.269174872
5,1.73686657
6,8.631062294
7,0.202741715
8,5.246506991
9,0.755322343
10,7.862874928
