Índice,Tempo de consulta (s)
1,6.545378086
2,10.074787714
