Índice,Tempo de consulta (s)
1,14.775301224
2,12.783125791
3,3.765796634
4,13.0133768
5,8.840827206
6,1.294712524
7,1.126794778
8,4.447769286
9,2.023189945
10,1.639034769
